id_cliente,idade,anos_como_cliente,patrimonio_declarado_R$,valor_total_investido_R$,perc_renda_fixa,perc_acoes,perc_fiis,perc_crypto,perc_exterior,qtd_ativos_distintos,operacoes_por_mes,prazo_medio_posicao_dias,maior_posicao_pct_carteira,tem_assessor,perfil_declarado_pelo_cliente
50309,49,9.2,80000,55095,19.6,28.2,40.5,2.7,8.9,22,1,235,18.7,sim,moderado
50014,59,4.1,1065676,991610,75.1,1.5,19.7,0.3,3.4,7,1,585,52.2,nao,conservador
50415,33,0.1,38627,14705,87.3,2.3,4.8,3.6,2.0,4,1,152,80.9,nao,conservador
50033,57,4.5,929700,603565,78.8,5.7,3.7,6.4,5.3,6,2,653,48.1,sim,conservador
50461,26,1.6,58771,30882,72.3,14.1,9.1,3.1,1.5,1,1,158,86.5,nao,moderado
50156,44,1.1,333774,184418,12.4,39.0,7.7,30.9,10.1,18,34,44,21.0,sim,arrojado
50250,38,6.3,1303811,968441,30.5,25.6,34.6,1.4,8.0,8,4,395,24.8,sim,conservador
50218,32,1.5,245718,195349,2.1,53.9,8.2,28.6,7.2,4,26,32,17.7,nao,arrojado
50222,32,4.5,860142,585148,27.8,51.4,16.6,0.7,3.4,4,3,651,27.5,nao,conservador
50294,28,1.7,1228382,832451,29.3,25.3,38.5,1.6,5.3,12,4,257,39.2,sim,moderado
50133,25,1.3,241305,174855,0.0,33.0,10.7,22.7,33.7,6,28,49,28.7,nao,moderado
50466,25,2.4,62811,22839,77.8,11.6,9.0,0.0,1.7,3,2,63,85.3,sim,conservador
50439,18,0.1,75161,22397,81.1,6.4,8.9,3.4,0.3,2,1,131,86.4,nao,conservador
50180,41,3.2,221047,103134,0.0,66.9,0.0,16.6,16.5,11,14,34,31.3,nao,arrojado
50498,22,0.1,130941,51440,80.3,9.1,3.1,3.0,4.5,3,0,145,83.0,sim,conservador
50391,56,7.6,2221203,1882911,13.8,70.0,12.3,3.9,0.0,1,9,95,75.1,nao,moderado
50483,37,0.1,35625,12123,75.8,11.9,6.9,2.8,2.6,3,1,309,42.5,nao,moderado
50473,21,0.9,59905,33489,79.1,12.0,5.8,3.1,0.0,1,0,163,86.3,sim,moderado
50417,20,0.9,160881,73323,76.4,13.9,7.4,1.1,1.3,2,0,246,45.5,nao,conservador
50303,41,5.5,1603603,678842,37.2,35.5,24.6,2.1,0.7,4,3,696,31.5,sim,moderado
50139,39,3.7,20000,18509,3.3,74.9,12.6,9.3,0.0,7,37,35,39.6,nao,arrojado
50229,39,8.6,1101376,739914,30.5,30.6,35.5,3.4,0.0,4,5,347,15.7,nao,moderado
50322,38,6.7,1060176,730493,25.1,28.2,24.8,14.0,7.9,10,7,544,20.6,sim,moderado
50102,65,11.3,223202,44640,63.2,4.6,13.6,1.8,16.8,7,3,558,47.8,nao,conservador
50206,39,3.7,498675,405419,0.5,66.1,18.1,3.3,12.0,4,26,53,26.5,nao,arrojado
50378,32,4.4,1413971,1211045,15.1,57.3,13.5,9.9,4.3,4,9,36,73.9,nao,arrojado
50119,65,1.0,350189,270025,97.1,0.0,2.3,0.0,0.6,3,1,421,44.1,sim,conservador
50061,66,1.8,97701,43775,86.3,0.0,1.0,1.4,11.3,3,0,514,54.4,nao,conservador
50091,46,7.3,678825,402656,81.9,2.7,9.3,0.0,6.1,5,1,437,67.5,nao,conservador
50362,44,7.0,684690,536238,5.2,68.1,8.0,12.4,6.3,1,12,91,68.1,sim,arrojado
50400,48,1.0,995828,959167,15.7,57.8,7.3,18.4,0.7,2,2,10,74.4,nao,arrojado
50355,51,14.1,100000,89121,18.1,64.8,3.4,10.4,3.3,2,4,178,66.8,sim,arrojado
50052,61,7.4,669495,496549,77.8,0.0,13.5,2.1,6.5,3,1,614,26.7,nao,conservador
50354,44,4.1,1319136,1275016,14.2,53.8,10.8,11.7,9.5,1,8,160,60.1,nao,arrojado
50244,28,6.5,1201484,629058,26.0,29.1,37.5,0.0,7.5,4,3,675,22.3,nao,conservador
50468,27,1.3,74838,48279,76.5,0.0,11.1,4.7,7.7,1,0,100,44.0,nao,conservador
50447,23,1.0,70881,3544,77.1,6.6,9.6,3.8,2.9,2,1,218,87.6,nao,conservador
50213,22,0.7,568291,422256,3.3,44.3,2.3,19.9,30.2,8,9,3,35.9,nao,moderado
50405,52,14.2,1310772,989307,14.1,53.5,4.1,21.0,7.4,4,7,50,62.8,sim,arrojado
50246,33,10.8,1332344,867360,43.6,36.5,15.9,0.0,4.1,10,5,356,18.7,nao,moderado
50237,42,4.8,1148826,901736,32.2,23.3,34.9,4.3,5.3,4,5,296,32.2,sim,moderado
50356,41,4.3,1483828,1211725,4.2,51.2,11.8,23.2,9.6,1,3,48,92.3,nao,conservador
50083,56,6.1,445757,305207,62.3,12.0,24.0,1.7,0.0,2,1,526,55.6,sim,conservador
50364,41,20.6,1954355,1778515,3.7,65.5,5.3,13.3,12.2,5,4,93,59.9,nao,moderado
50295,41,5.3,783468,546697,42.4,23.9,33.1,0.6,0.0,6,5,533,21.6,nao,conservador
50116,66,1.0,960370,555917,72.5,12.7,8.1,0.1,6.6,3,2,272,28.6,nao,conservador
50262,44,9.5,1542162,841006,32.8,17.8,30.4,9.2,9.8,10,1,360,16.3,sim,moderado
50241,28,4.2,368039,298959,15.1,38.0,35.4,3.1,8.4,7,2,654,34.3,sim,moderado
50424,27,1.8,148738,90073,81.3,11.0,3.1,2.7,1.9,2,0,63,74.3,nao,conservador
50414,22,1.6,24943,8535,86.3,9.4,3.5,0.7,0.1,2,0,179,50.7,nao,conservador
50463,29,0.8,121724,60823,78.0,0.8,8.2,8.7,4.3,1,1,248,61.2,nao,conservador
50490,18,0.4,78794,11381,78.5,12.5,3.4,1.6,3.9,1,0,130,76.0,sim,conservador
50377,58,9.0,605569,460456,12.8,78.6,5.8,0.0,2.8,1,8,231,91.4,nao,arrojado
50259,53,3.7,1053174,881988,24.8,34.4,23.2,3.9,13.8,11,4,362,24.9,nao,moderado
50398,68,15.2,474088,464430,13.6,57.8,8.7,15.9,4.1,4,6,202,54.5,nao,conservador
50456,24,1.3,83771,25728,84.3,0.1,0.0,3.6,12.0,3,0,184,58.2,sim,conservador
50203,31,1.2,617467,408160,8.7,56.1,14.0,19.2,2.0,8,34,34,35.5,nao,moderado
50268,28,2.9,1199151,1027816,25.3,41.5,18.0,0.8,14.4,13,3,343,43.5,sim,moderado
50189,22,3.5,607146,476180,7.6,47.5,13.0,31.9,0.0,4,35,47,30.7,nao,arrojado
50163,33,1.9,474542,334865,5.3,55.9,1.3,28.3,9.2,16,26,48,30.8,nao,moderado
50499,44,0.9,165834,32072,80.8,13.9,3.5,0.0,1.8,2,1,150,77.8,nao,conservador
50221,50,9.0,458380,276146,49.0,26.2,23.0,1.1,0.6,12,6,212,42.7,sim,moderado
50319,43,1.3,821037,724678,36.2,28.3,21.7,0.0,13.8,7,2,389,21.6,sim,moderado
50457,35,0.3,64031,19325,78.9,13.9,0.0,4.4,2.8,1,0,111,79.9,nao,moderado
50066,53,7.1,176593,145263,69.9,0.0,23.1,2.7,4.3,2,0,267,33.5,sim,conservador
50260,37,8.1,337259,208396,15.8,27.8,37.7,1.3,17.4,13,3,481,44.2,nao,conservador
50437,41,0.7,15891,6518,82.4,6.7,7.2,0.0,3.7,1,0,200,71.9,nao,moderado
50351,49,6.5,1580437,1295546,0.0,83.8,1.6,14.6,0.0,4,4,131,79.4,nao,moderado
50361,42,6.3,1057768,950540,0.0,61.7,8.4,20.2,9.7,3,1,153,58.3,sim,arrojado
50471,26,0.7,47656,29685,89.4,0.0,7.6,1.5,1.5,1,2,218,85.8,nao,moderado
50296,59,3.7,588466,386123,28.5,18.6,32.5,10.7,9.6,10,1,525,18.2,nao,moderado
50031,53,11.4,502855,299141,55.8,19.9,7.3,0.0,17.0,2,1,526,27.6,nao,moderado
50023,67,13.2,282802,106269,72.0,9.5,9.6,1.1,7.8,8,1,404,72.4,sim,conservador
50257,39,4.6,1161163,778422,32.7,41.1,11.6,9.6,5.0,13,3,137,36.0,sim,moderado
50032,62,11.4,739958,447479,54.5,13.4,21.1,2.2,8.8,4,2,528,45.2,sim,moderado
50423,40,1.3,68421,21816,73.8,8.4,13.1,0.5,4.2,1,0,98,71.6,sim,conservador
50053,54,15.9,572879,324912,68.9,16.0,7.0,4.7,3.5,5,3,538,38.4,sim,conservador
50477,41,0.9,147734,34105,88.5,0.0,9.2,0.0,2.4,1,1,257,63.6,nao,moderado
50243,43,2.1,1017998,495111,23.5,21.2,43.8,10.3,1.2,10,2,529,40.4,sim,moderado
50265,42,4.0,456054,261634,33.0,28.8,11.7,12.1,14.5,14,1,743,19.1,sim,moderado
50090,54,6.1,551734,265503,74.9,14.4,8.8,0.0,2.0,2,2,489,36.6,nao,moderado
50057,71,3.4,1018163,573109,62.4,7.0,19.2,0.0,11.4,2,2,640,40.4,sim,moderado
50315,51,7.5,330825,167774,30.7,30.0,20.4,8.6,10.4,9,3,252,38.5,sim,arrojado
50003,58,1.8,490740,284664,66.9,11.6,11.7,1.8,8.0,2,2,449,50.0,sim,conservador
50059,65,10.7,493387,464455,75.7,12.6,0.0,0.0,11.8,3,2,434,20.0,sim,conservador
50214,32,0.5,336007,239078,8.7,42.6,11.4,26.7,10.5,12,22,28,47.2,sim,arrojado
50223,52,1.0,887592,547227,22.5,38.8,38.5,0.2,0.0,16,3,485,20.7,nao,moderado
50448,38,0.6,128703,47435,80.8,17.9,1.3,0.0,0.0,1,2,30,69.7,nao,conservador
50201,39,3.3,289225,213701,7.8,53.6,9.1,29.5,0.0,12,26,38,28.7,nao,arrojado
50075,41,12.7,786971,618553,73.1,15.9,4.1,0.9,5.9,3,1,741,37.3,sim,conservador
50320,48,2.9,80000,41119,20.0,42.5,25.1,6.7,5.5,4,2,275,28.3,nao,moderado
50249,33,2.8,732398,573828,33.0,22.6,42.9,0.0,1.5,10,4,561,28.0,sim,conservador
50410,45,13.9,2098391,1520899,0.0,83.9,7.6,0.0,8.5,1,3,184,74.5,nao,moderado
50121,49,2.8,20000,12665,20.4,50.0,0.6,25.8,3.3,8,36,33,30.9,nao,arrojado
50081,57,7.7,950037,725379,72.5,2.3,15.9,0.0,9.3,2,3,575,69.0,sim,conservador
50236,44,2.0,1593583,1303169,36.4,30.0,23.5,4.7,5.4,9,5,290,27.3,nao,arrojado
50027,48,11.9,960076,359981,65.9,3.4,23.4,2.4,4.9,4,2,648,52.5,sim,conservador
50169,23,1.7,96669,95702,10.8,54.4,0.0,22.3,12.5,14,14,34,24.6,nao,moderado
50452,23,2.0,8000,2099,83.0,1.1,6.6,3.9,5.4,4,1,187,40.0,nao,conservador
50239,35,2.4,657476,501446,23.5,26.7,40.1,0.9,8.8,12,3,323,34.0,nao,moderado
50343,47,11.2,1917355,1597566,9.9,64.4,11.7,4.7,9.3,1,3,160,95.0,nao,conservador
50360,57,12.1,1349640,1028495,11.2,63.0,0.9,18.3,6.6,1,5,39,69.2,nao,arrojado
50110,52,1.0,1209029,1038049,62.1,10.8,10.9,2.5,13.6,4,3,733,67.9,nao,conservador
50051,51,1.0,645649,520895,65.5,13.1,10.9,0.0,10.5,5,1,607,68.0,sim,conservador
50453,43,0.7,55721,12384,89.4,2.2,0.9,3.5,3.9,1,1,218,77.6,sim,conservador
50290,61,6.8,80000,55928,35.6,37.8,20.1,5.8,0.7,5,4,244,30.5,nao,arrojado
50015,47,10.8,454554,221595,79.1,5.2,0.0,2.7,13.0,10,3,635,64.1,sim,conservador
50363,41,16.0,1595278,1539274,0.5,74.2,2.7,17.7,4.9,4,6,10,72.2,sim,arrojado
50115,35,9.3,329977,194221,76.3,0.0,17.1,6.6,0.0,4,3,743,43.0,nao,moderado
50369,43,5.4,405217,322243,8.7,74.5,3.0,11.8,2.0,3,8,48,82.9,nao,moderado
50004,49,7.2,559801,325884,64.2,15.6,8.6,0.0,11.7,5,1,488,20.0,sim,conservador
50205,27,1.6,311234,235532,9.6,47.6,5.9,25.9,11.0,16,27,69,27.0,sim,arrojado
50060,68,5.0,615015,453867,92.7,2.1,1.9,3.3,0.0,4,2,611,26.3,nao,conservador
50272,42,10.9,1206763,819240,19.2,32.7,26.3,14.5,7.3,6,4,326,26.7,nao,arrojado
50160,27,2.3,105478,102120,0.9,31.8,0.0,61.7,5.6,17,29,48,36.6,nao,arrojado
50407,36,17.3,1498880,1057563,8.0,57.7,11.0,17.1,6.3,3,1,156,74.3,nao,arrojado
50099,46,6.6,435880,203147,75.8,4.7,1.6,1.6,16.2,2,1,550,69.3,nao,conservador
50147,45,4.3,589099,383932,12.4,42.2,7.1,24.5,13.9,18,19,40,26.5,nao,arrojado
50041,52,9.1,1281098,1069635,84.8,2.0,7.1,1.3,4.8,5,2,548,78.5,sim,conservador
50166,47,0.5,126759,118113,8.6,41.4,10.8,39.1,0.0,12,25,6,30.6,nao,moderado
50042,45,7.0,417562,285603,73.6,5.7,9.9,0.1,10.7,5,3,258,42.5,nao,conservador
50341,48,1.0,100000,85163,8.5,50.2,8.6,14.3,18.4,5,1,10,79.0,nao,arrojado
50188,37,0.6,512638,459365,0.0,42.7,16.7,30.2,10.5,15,17,37,17.8,sim,arrojado
50327,39,6.1,1083762,625183,35.5,41.8,15.5,2.3,4.8,8,3,323,33.6,sim,moderado
50334,60,4.2,920538,868888,1.9,54.7,6.1,28.1,9.1,3,8,43,80.2,sim,arrojado
50299,28,7.5,108395,94501,32.8,34.4,18.1,4.1,10.6,7,4,219,30.4,sim,conservador
50080,42,7.9,229362,179518,73.4,5.5,14.8,0.0,6.3,10,2,231,31.2,nao,conservador
50165,32,0.5,142899,129047,2.6,56.2,8.5,21.3,11.4,17,20,54,25.5,sim,arrojado
50029,47,7.2,569371,297475,75.4,7.1,8.8,0.0,8.7,2,3,611,54.0,sim,conservador
50146,32,6.6,299018,203690,12.3,61.0,7.9,13.2,5.6,12,35,49,36.3,nao,moderado
50365,68,11.9,2093144,1663861,15.0,65.4,0.0,15.7,3.9,3,6,143,57.2,sim,conservador
50238,30,5.1,767411,459901,32.0,30.7,25.8,7.7,3.7,4,4,436,14.7,nao,moderado
50278,56,5.7,557577,374218,36.7,14.4,35.9,3.3,9.7,10,5,499,17.1,sim,moderado
50058,71,1.9,680917,477088,58.7,9.2,20.2,0.0,11.8,4,0,430,48.6,sim,moderado
50454,30,1.9,138144,71659,84.2,8.2,7.7,0.0,0.0,1,1,210,68.4,nao,conservador
50063,52,8.5,1194556,440392,82.8,2.9,6.8,0.0,7.5,5,3,242,22.9,sim,moderado
50112,44,8.0,654342,438560,70.6,0.0,14.9,0.9,13.6,3,1,562,50.2,sim,conservador
50085,53,9.6,934732,653319,77.7,12.7,0.0,3.1,6.5,5,3,592,27.6,sim,conservador
50485,33,1.7,28806,9621,78.6,0.0,7.3,6.8,7.3,2,0,30,69.5,nao,conservador
50373,44,22.0,1274806,1262058,4.1,76.6,3.6,12.7,3.0,3,2,101,77.6,nao,arrojado
50148,28,3.8,363962,266547,0.5,47.3,11.3,23.1,17.8,12,27,55,21.0,nao,moderado
50345,50,4.0,2116562,1631795,9.8,68.1,12.1,2.4,7.6,4,1,242,65.5,sim,arrojado
50130,39,0.5,169526,131245,0.0,64.6,0.0,22.1,13.3,7,10,42,32.8,nao,arrojado
50432,31,3.0,84480,35993,80.8,12.0,0.0,7.2,0.0,2,0,164,40.0,nao,conservador
50097,39,9.2,133929,94482,80.3,9.2,7.8,2.8,0.0,5,1,516,53.4,nao,arrojado
50469,28,0.9,46901,17204,80.2,12.8,4.1,0.0,2.9,1,0,291,95.7,nao,moderado
50269,39,1.2,631400,300786,38.5,25.4,20.7,6.2,9.2,4,2,572,28.6,nao,moderado
50142,45,4.1,561514,515056,7.2,48.3,8.3,30.8,5.4,16,4,40,25.2,nao,arrojado
50451,31,0.8,51867,21711,84.9,1.5,6.3,0.0,7.3,2,1,264,59.6,nao,moderado
50325,46,1.0,155041,102108,31.8,36.7,31.2,0.0,0.3,6,1,461,26.7,sim,arrojado
50301,44,7.1,80000,55435,26.1,28.3,25.9,6.9,12.9,7,2,271,28.1,sim,arrojado
50293,41,12.7,1054653,556071,18.2,45.4,29.2,7.1,0.0,13,1,559,23.8,sim,conservador
50284,44,9.5,1159482,972938,7.0,38.1,33.9,6.7,14.4,9,4,297,18.0,sim,moderado
50475,23,0.2,26746,12732,79.5,6.5,5.6,4.6,3.7,1,3,232,73.3,nao,conservador
50233,33,4.3,1022404,971284,19.7,38.0,29.5,5.2,7.8,8,1,374,31.1,nao,moderado
50247,59,9.5,1202047,813847,28.1,39.8,18.9,8.0,5.2,8,2,542,21.8,sim,moderado
50082,69,9.4,684392,266826,63.9,7.9,16.8,2.9,8.6,4,0,551,41.3,nao,conservador
50396,38,10.8,842529,834104,6.9,58.2,0.0,29.2,5.8,3,16,110,74.4,nao,moderado
50311,41,8.5,730616,494889,27.0,7.8,47.4,7.5,10.3,7,8,482,30.5,nao,moderado
50493,19,0.6,123513,35453,77.7,7.9,7.6,4.9,1.9,2,0,72,84.1,sim,conservador
50422,28,0.1,196737,31142,77.6,15.7,3.2,0.0,3.5,5,0,291,71.3,nao,conservador
50337,49,1.0,1448174,1325316,5.1,83.3,0.0,11.6,0.0,2,13,81,65.5,sim,arrojado
50174,32,2.7,285126,243455,11.3,50.5,5.1,24.2,8.8,11,31,25,28.3,nao,moderado
50302,44,10.6,863588,588395,20.6,28.1,31.5,9.3,10.6,4,7,293,22.0,sim,moderado
50054,71,8.8,201752,97656,76.3,17.2,1.6,1.8,3.1,6,1,597,72.5,sim,moderado
50409,46,2.3,2056315,1653228,13.5,79.4,3.1,0.9,3.1,1,11,113,64.1,nao,arrojado
50140,46,4.0,509024,423419,4.8,72.5,11.3,0.0,11.4,20,21,42,19.1,nao,arrojado
50264,35,5.0,1119696,839805,27.4,33.2,21.0,12.6,5.8,4,4,437,40.6,nao,moderado
50275,47,1.0,686669,402187,31.8,35.2,15.2,5.2,12.6,8,1,303,36.5,sim,arrojado
50067,65,4.3,849485,368825,73.3,1.8,13.0,0.0,11.9,2,1,459,80.0,sim,conservador
50495,32,1.9,74163,10553,82.0,9.7,6.7,1.6,0.0,2,1,167,66.3,sim,conservador
50254,53,1.9,293021,278370,35.6,25.5,25.4,0.0,13.4,8,6,458,12.0,sim,conservador
50285,57,5.2,731027,510630,18.3,43.3,31.9,5.7,0.7,16,2,296,18.3,nao,moderado
50359,68,4.1,589600,516027,12.3,71.4,7.2,8.3,0.8,3,13,34,59.9,sim,moderado
50100,51,4.3,846338,258732,62.8,4.2,17.9,2.2,13.0,6,3,484,80.0,nao,conservador
50317,47,5.1,1323872,1028508,32.9,31.2,22.3,6.7,6.9,9,4,433,29.4,sim,moderado
50149,22,3.4,708436,659914,17.7,36.7,3.9,31.4,10.2,4,4,35,36.5,nao,moderado
50016,67,3.7,538660,362118,70.0,9.8,13.8,0.0,6.3,3,2,728,53.8,nao,conservador
50164,35,3.2,671506,664791,12.4,54.3,7.9,14.9,10.5,20,41,24,29.3,nao,arrojado
50464,36,1.2,90748,38077,76.6,12.1,1.6,5.3,4.4,1,0,30,76.8,nao,conservador
50047,35,2.2,360875,229725,69.9,4.8,17.1,0.0,8.2,2,2,711,65.8,sim,conservador
50087,55,12.6,1025222,486005,70.9,5.6,12.5,0.0,11.0,2,2,700,60.7,sim,conservador
50038,69,3.2,380019,230042,89.7,2.3,4.0,0.7,3.3,4,4,276,32.0,sim,arrojado
50411,18,1.4,25908,11418,82.8,11.1,6.0,0.0,0.1,1,0,211,60.3,nao,moderado
50381,45,15.5,902511,761440,0.0,84.1,5.0,0.0,10.9,5,9,122,49.4,nao,moderado
50194,25,7.4,815723,776933,7.1,38.1,6.4,30.8,17.6,8,23,45,32.9,sim,arrojado
50173,36,1.7,176693,162156,15.1,53.7,0.0,22.3,8.8,12,4,9,29.0,sim,arrojado
50074,49,7.6,627184,268003,85.5,4.5,5.6,4.4,0.0,4,3,455,73.0,sim,moderado
50271,42,2.3,799169,444991,34.7,33.3,18.8,7.6,5.6,16,3,456,30.8,nao,moderado
50105,58,5.5,309847,189659,71.8,17.5,9.6,1.1,0.0,4,2,246,44.8,sim,moderado
50207,24,1.9,323646,292697,21.9,52.9,16.0,5.6,3.7,17,39,30,28.7,sim,arrojado
50297,28,8.6,896811,851971,27.8,34.4,18.2,1.2,18.5,10,3,258,26.8,sim,moderado
50017,59,11.1,776209,435145,65.6,7.1,26.0,1.2,0.0,4,1,468,53.8,sim,conservador
50307,32,5.3,696994,410532,33.0,29.2,19.7,5.2,12.9,7,5,356,35.6,nao,conservador
50462,24,3.0,76309,15690,81.1,2.3,3.8,5.1,7.7,2,0,343,70.4,nao,conservador
50089,65,10.0,537648,375944,68.2,6.9,15.6,4.6,4.6,5,2,387,26.1,sim,conservador
50376,68,9.7,1587775,1536220,5.8,62.6,6.6,21.7,3.2,1,10,51,70.9,sim,arrojado
50141,30,4.1,188263,148751,0.0,60.6,0.4,29.7,9.4,4,4,55,21.3,nao,conservador
50195,40,4.9,784604,651788,15.1,62.7,4.9,13.9,3.4,9,13,21,10.4,nao,arrojado
50103,53,6.8,222434,158215,82.1,8.9,7.6,0.0,1.4,6,1,696,64.1,sim,conservador
50385,58,8.0,100000,87061,27.1,58.6,0.0,14.3,0.0,1,6,156,74.9,nao,moderado
50175,29,0.7,414057,274821,4.5,59.9,15.7,16.9,3.0,11,22,31,37.8,nao,arrojado
50171,32,3.5,133170,94076,14.6,35.5,8.9,28.8,12.2,17,18,50,42.6,sim,arrojado
50240,39,9.9,80000,55390,33.4,34.8,28.6,0.2,3.0,10,1,547,36.4,nao,moderado
50158,35,0.5,278051,233107,6.8,63.1,8.7,12.7,8.7,13,17,24,10.0,nao,arrojado
50071,72,10.5,568453,225562,72.8,6.1,13.3,0.0,7.9,5,2,859,45.5,sim,conservador
50134,38,2.4,646333,564382,7.6,53.3,4.6,25.4,9.0,11,28,37,27.2,nao,arrojado
50460,24,0.1,69778,17858,71.3,14.3,8.2,0.0,6.1,2,0,59,86.7,sim,moderado
50494,39,1.4,8000,6000,85.4,4.7,7.9,0.0,2.0,2,2,35,66.1,nao,conservador
50368,44,8.7,1367523,947036,9.6,83.1,0.0,7.3,0.0,1,10,119,40.6,nao,moderado
50217,23,1.0,432673,401777,12.7,69.6,11.1,3.5,3.1,14,15,6,18.0,nao,moderado
50228,51,7.3,261282,211356,18.5,28.9,29.9,2.9,19.8,4,1,392,12.4,sim,conservador
50329,40,3.3,1073580,643535,16.3,50.8,18.9,11.3,2.7,8,2,247,24.1,sim,moderado
50388,61,11.6,1959992,1412342,16.7,68.2,4.0,0.0,11.2,1,6,30,71.8,nao,moderado
50342,30,19.0,1148527,773736,6.9,57.1,2.6,29.6,3.9,3,9,10,75.8,nao,arrojado
50358,43,6.8,1803135,1172740,10.2,56.4,5.2,23.3,4.8,3,1,112,53.2,nao,moderado
50019,59,11.2,801344,415793,74.2,8.5,8.7,0.3,8.3,2,1,793,60.9,sim,moderado
50178,29,2.4,374571,304361,4.7,43.3,6.3,28.9,16.9,20,17,3,29.2,nao,arrojado
50383,59,7.6,1325195,1149803,3.5,57.8,11.1,16.5,11.1,1,1,81,70.2,sim,arrojado
50021,52,5.9,871031,379907,61.5,13.5,5.9,4.4,14.6,6,2,358,65.4,sim,conservador
50056,48,5.5,916472,516591,55.7,16.4,15.2,3.8,8.9,4,0,280,36.9,nao,moderado
50281,62,6.3,782047,688994,52.8,16.3,17.4,8.5,5.0,5,1,546,24.6,sim,moderado
50426,35,1.2,130306,30552,77.4,7.2,10.0,2.9,2.6,2,1,161,62.2,nao,conservador
50427,25,0.7,129902,42730,90.1,5.3,0.0,2.5,2.1,1,1,157,64.7,nao,arrojado
50035,58,7.1,638126,317234,75.5,3.5,10.8,3.0,7.2,3,3,721,60.6,nao,moderado
50182,36,1.4,40574,36019,9.8,66.9,4.0,14.3,4.9,13,25,7,35.7,nao,arrojado
50185,28,2.9,251669,169756,8.1,56.8,11.1,17.2,6.9,19,18,14,18.0,nao,arrojado
50151,42,2.7,605235,459210,2.8,38.3,11.9,36.1,11.0,9,20,38,17.4,nao,arrojado
50208,22,3.9,62164,42529,12.5,61.2,15.6,0.0,10.7,13,17,50,13.1,nao,arrojado
50339,53,5.2,756768,601973,15.8,54.8,3.6,15.4,10.3,4,3,81,76.0,nao,moderado
50245,44,4.4,828549,593705,32.0,31.0,19.9,4.7,12.5,13,6,305,29.5,nao,arrojado
50366,43,1.0,1428721,1068118,6.0,60.5,9.9,23.6,0.0,4,12,125,48.9,nao,arrojado
50435,31,1.3,128962,68928,75.9,18.9,2.3,0.0,2.9,3,3,212,67.4,nao,conservador
50098,41,1.0,30000,18910,79.4,14.7,4.8,1.1,0.0,3,3,257,60.1,sim,conservador
50484,32,2.1,104473,30882,72.4,10.8,10.0,6.8,0.0,2,0,161,69.0,nao,conservador
50442,25,1.5,101228,24357,72.0,16.2,2.1,3.9,5.8,3,0,238,97.7,nao,moderado
50155,42,6.2,298187,229140,6.0,53.3,15.2,5.1,20.4,22,32,3,52.0,sim,moderado
50123,33,0.5,340550,198516,0.0,44.1,8.9,32.0,15.0,15,4,44,23.8,nao,arrojado
50114,61,1.0,746872,329911,74.7,13.4,3.1,0.0,8.8,6,3,464,67.0,sim,conservador
50419,24,1.2,123504,66165,75.6,8.8,6.8,4.9,3.9,1,0,248,70.3,nao,conservador
50328,33,4.1,555555,415524,9.8,20.3,44.7,0.1,25.1,7,5,158,38.8,nao,moderado
50172,37,1.1,501649,496633,23.0,46.4,7.3,23.4,0.0,8,24,31,20.5,nao,moderado
50109,56,11.5,513453,331054,74.9,5.1,8.9,0.0,11.2,7,2,314,71.6,nao,conservador
50079,49,5.8,1188391,602921,64.9,6.8,12.9,1.1,14.3,3,0,201,27.9,sim,moderado
50095,59,11.9,178243,109745,62.9,5.4,21.3,1.0,9.4,5,2,579,20.0,sim,conservador
50062,56,6.0,444347,293360,78.0,8.8,5.2,0.0,8.0,6,2,832,62.4,sim,conservador
50444,37,2.5,217701,45414,84.3,2.3,1.1,1.4,10.8,1,0,205,87.0,nao,conservador
50126,31,4.3,20000,12362,14.1,45.6,17.2,12.0,11.1,15,27,25,10.0,nao,arrojado
50338,59,5.7,1282248,915372,0.0,71.7,15.2,2.8,10.3,2,6,182,70.0,nao,moderado
50306,41,2.3,932184,666782,31.6,26.5,28.1,0.0,13.9,7,5,372,26.7,nao,moderado
50482,32,0.5,160333,39304,81.5,12.6,5.1,0.4,0.5,2,2,116,95.6,nao,conservador
50092,49,13.4,918207,600550,74.7,7.8,9.6,1.2,6.8,4,0,289,25.4,sim,conservador
50476,22,1.2,154351,39371,78.8,16.0,1.3,0.9,3.0,2,0,168,65.7,nao,moderado
50418,29,1.6,134205,23563,90.8,4.2,0.0,1.7,3.3,1,0,207,88.2,nao,moderado
50274,31,3.9,1013723,447493,39.5,23.9,26.7,8.1,1.7,11,2,319,27.5,nao,conservador
50352,57,16.5,1334436,1240534,7.7,50.2,20.3,12.9,9.0,6,5,153,68.7,sim,arrojado
50304,50,2.3,831234,577196,25.1,42.7,26.1,0.0,6.2,5,5,331,45.4,nao,moderado
50406,56,6.1,843026,700921,4.9,57.8,1.9,28.1,7.3,1,1,142,72.2,nao,moderado
50025,50,2.3,699274,293560,67.9,1.5,18.8,2.4,9.5,3,1,706,60.6,sim,conservador
50434,39,1.5,225204,44739,74.9,8.3,8.6,8.1,0.0,1,2,99,61.6,nao,conservador
50488,41,1.0,153685,85108,86.3,5.8,0.0,3.4,4.5,1,0,188,74.3,nao,arrojado
50496,20,0.9,154644,43346,73.6,16.5,6.7,3.2,0.0,1,1,134,80.3,sim,moderado
50127,23,8.0,456685,238887,15.9,49.5,7.8,19.3,7.6,10,20,10,30.4,sim,moderado
50404,47,4.7,2100952,1924356,13.0,69.3,1.5,7.8,8.4,5,11,116,59.7,sim,moderado
50279,34,10.3,836156,584449,29.2,30.7,33.5,4.4,2.2,6,3,522,40.3,sim,arrojado
50179,42,5.2,146277,107073,8.2,52.7,0.0,23.9,15.2,10,9,37,26.8,nao,moderado
50431,30,2.0,146475,11791,84.2,9.2,3.1,2.0,1.6,1,0,100,69.4,nao,conservador
50370,48,13.9,946247,712908,9.0,67.9,5.2,11.9,5.9,1,5,221,72.9,sim,moderado
50224,60,4.3,240004,157612,30.5,43.5,19.2,1.6,5.1,4,1,406,31.4,nao,moderado
50348,30,5.1,1919837,1606201,0.0,65.6,13.4,13.7,7.3,3,7,83,67.1,nao,moderado
50094,37,8.1,67625,21479,79.4,5.0,6.9,2.9,5.8,3,1,561,49.8,nao,moderado
50070,60,11.6,300464,221194,77.7,1.3,11.0,2.2,7.9,3,1,632,35.4,nao,conservador
50037,75,5.2,733423,523061,51.3,9.1,21.7,4.2,13.7,2,0,594,36.7,sim,conservador
50161,23,3.2,370703,231320,27.0,47.9,4.0,9.0,12.0,13,15,50,23.9,sim,arrojado
50012,38,1.0,727387,399112,48.4,11.8,29.4,2.2,8.2,4,1,536,48.0,sim,conservador
50145,33,4.8,111308,104704,4.5,42.3,8.3,26.7,18.3,4,26,29,24.5,nao,moderado
50353,35,8.0,367789,304995,10.0,32.2,9.1,48.3,0.4,3,9,159,53.7,sim,moderado
50128,29,2.5,109361,92229,6.3,49.5,7.6,24.9,11.7,14,7,31,26.1,nao,arrojado
50282,28,10.4,546834,467677,20.8,30.2,47.2,1.1,0.7,13,5,376,48.0,sim,moderado
50010,65,9.1,614648,440532,82.7,3.3,8.4,3.3,2.2,5,2,302,40.6,nao,conservador
50371,38,7.1,1356589,1008314,4.1,79.3,3.6,8.4,4.5,4,3,69,62.7,nao,moderado
50177,32,3.7,395877,290242,7.8,49.5,15.5,27.1,0.0,8,20,30,29.1,nao,moderado
50232,45,6.6,949222,443215,29.2,27.4,27.6,3.9,11.9,8,4,90,33.8,sim,arrojado
50211,28,6.5,20000,16193,4.5,43.0,4.4,29.2,18.9,4,24,30,19.7,nao,arrojado
50129,34,0.5,568308,456089,7.8,51.8,7.6,22.2,10.7,17,29,27,28.4,nao,arrojado
50144,40,4.8,159614,149576,9.0,73.2,9.8,1.2,6.8,10,16,10,21.1,nao,arrojado
50242,32,7.1,724173,509602,16.1,43.7,34.6,0.0,5.6,7,4,480,17.5,sim,moderado
50008,49,4.1,686029,443016,78.3,0.0,10.2,0.0,11.5,6,2,641,39.5,sim,conservador
50255,42,3.8,973256,795375,34.4,33.4,30.3,0.8,1.1,16,2,430,32.3,nao,moderado
50487,41,0.2,112179,28335,74.9,11.3,3.7,8.7,1.5,2,0,174,79.5,sim,moderado
50331,58,9.6,100000,79605,10.6,55.5,7.3,20.4,6.3,1,14,104,54.0,sim,arrojado
50009,41,14.9,30000,8737,74.3,3.9,21.0,0.0,0.8,2,1,410,50.8,nao,conservador
50157,26,0.7,173598,111561,12.6,39.6,0.0,37.0,10.8,17,28,25,22.9,nao,arrojado
50028,58,6.6,788066,410279,72.9,4.1,21.8,0.7,0.6,4,1,368,45.2,nao,conservador
50267,44,3.2,1404088,1083283,26.6,35.7,26.6,4.0,7.2,9,7,427,30.4,sim,moderado
50065,45,1.0,342615,274044,66.3,9.8,18.1,0.0,5.9,2,3,275,35.1,sim,conservador
50256,35,5.8,462269,335504,41.9,6.4,33.2,0.0,18.5,6,5,560,18.9,sim,arrojado
50314,44,5.9,80000,50758,38.1,12.0,39.1,6.2,4.6,4,1,90,26.2,sim,moderado
50154,31,5.0,375486,269064,12.2,52.0,0.0,23.5,12.2,8,11,12,17.9,nao,moderado
50049,60,10.3,751611,298075,65.5,11.6,10.4,0.0,12.5,3,2,762,30.2,sim,moderado
50209,34,2.5,303351,194333,12.8,49.1,7.2,26.5,4.4,14,24,31,38.8,sim,moderado
50288,28,3.1,416107,249142,33.9,24.1,31.7,6.1,4.3,7,6,197,29.8,nao,conservador
50002,51,6.9,739013,202169,69.0,12.2,18.0,0.8,0.0,2,1,599,54.5,sim,conservador
50270,36,2.4,836248,474296,17.3,35.8,31.8,4.6,10.5,11,3,387,30.5,nao,arrojado
50266,45,3.6,578022,429467,43.6,27.9,28.4,0.0,0.0,7,4,436,30.6,sim,moderado
50323,36,4.5,293882,190065,22.3,38.0,18.1,7.2,14.4,11,3,233,13.8,nao,moderado
50413,28,1.1,161440,67202,84.6,10.2,2.0,3.2,0.0,3,0,265,83.9,nao,conservador
50096,35,9.9,669738,185933,74.3,9.3,3.1,1.5,11.8,4,3,656,39.0,sim,conservador
50459,18,0.8,71981,25848,69.2,18.5,2.9,5.1,4.3,2,1,101,98.0,nao,conservador
50486,26,0.3,14243,4183,87.8,5.6,0.4,1.2,5.1,3,0,195,85.4,sim,conservador
50347,66,10.0,2295676,2272719,5.2,67.9,0.1,21.6,5.2,3,3,49,88.5,sim,arrojado
50117,66,12.8,542434,379262,76.4,7.2,7.9,2.9,5.5,4,1,716,20.0,sim,moderado
50046,36,1.1,569172,294005,83.5,5.0,9.3,2.3,0.0,5,2,562,45.7,sim,conservador
50162,30,7.1,534706,499828,9.8,46.8,10.2,30.7,2.6,4,34,26,33.6,nao,arrojado
50382,68,10.6,1525491,1421793,13.4,66.2,0.0,13.8,6.7,1,8,55,52.2,nao,moderado
50118,48,1.0,535033,357788,62.8,9.0,17.3,1.6,9.3,2,1,568,60.5,nao,conservador
50289,44,7.2,80000,46023,26.7,25.8,37.3,4.8,5.4,4,2,497,12.0,nao,moderado
50078,45,3.0,665350,396498,81.8,6.3,5.1,1.5,5.3,3,0,554,49.8,nao,conservador
50389,30,7.4,1714083,1561354,0.0,94.0,4.3,0.6,1.2,1,6,69,76.2,sim,moderado
50064,48,7.1,590195,348128,64.8,8.5,14.6,2.2,9.9,2,1,601,55.9,sim,conservador
50390,57,9.3,354318,350775,12.3,76.7,3.1,1.5,6.3,1,11,88,59.0,sim,arrojado
50386,68,9.7,2051998,1406638,12.8,52.4,10.5,18.5,5.8,2,8,100,62.8,nao,arrojado
50231,55,2.2,774150,612335,35.0,28.8,29.1,0.0,7.1,10,5,236,28.5,sim,moderado
50298,33,1.1,995672,635931,19.4,31.3,33.1,6.9,9.3,12,5,90,38.6,sim,moderado
50187,31,0.5,519881,436569,2.2,63.4,8.3,25.0,1.1,7,27,19,26.8,nao,arrojado
50335,38,11.2,511116,437164,5.9,70.1,5.6,16.8,1.7,3,10,68,62.3,nao,arrojado
50200,31,3.4,540479,465852,16.5,45.8,8.8,28.9,0.0,17,28,24,22.2,nao,arrojado
50450,30,1.0,177534,60521,84.4,1.8,2.9,5.4,5.5,3,0,159,94.6,nao,moderado
50122,32,4.5,260677,207061,11.0,62.8,13.0,13.2,0.0,8,25,12,33.3,nao,moderado
50465,23,1.4,39772,17145,79.0,8.2,10.2,0.0,2.6,2,0,231,82.3,nao,conservador
50430,18,1.8,177649,52859,76.6,12.9,5.3,0.0,5.2,1,0,161,74.3,nao,arrojado
50308,45,7.4,888844,540242,22.4,39.8,28.0,4.0,5.7,4,4,422,33.5,sim,moderado
50458,36,1.3,138823,57683,82.5,9.6,3.9,2.5,1.5,2,0,171,66.5,nao,conservador
50159,29,0.5,473645,423425,9.0,54.8,9.9,23.3,3.0,11,15,59,40.4,sim,arrojado
50086,51,7.9,562313,403903,65.9,6.6,25.6,1.9,0.0,2,0,332,43.1,sim,moderado
50226,28,6.9,1515597,1085900,45.1,31.2,20.4,3.2,0.0,4,2,270,42.2,sim,moderado
50263,43,5.9,251120,140317,24.7,36.3,24.4,5.1,9.6,9,1,540,42.3,sim,moderado
50332,46,1.2,100000,69185,4.5,62.6,4.4,18.8,9.7,3,6,53,73.0,nao,arrojado
50491,18,0.8,96358,60468,76.2,12.4,4.2,0.0,7.2,1,2,130,62.3,nao,moderado
50077,50,8.4,497305,325729,69.8,14.5,11.3,1.6,2.8,7,0,505,60.0,sim,conservador
50387,50,4.0,920440,543314,15.2,67.8,3.8,0.7,12.5,1,6,66,42.0,sim,arrojado
50372,39,10.3,1258400,1119395,18.7,42.4,10.5,27.7,0.7,2,9,10,77.0,nao,arrojado
50088,60,7.8,983195,507613,71.3,7.5,10.3,2.8,8.0,6,2,316,31.1,sim,conservador
50500,31,1.7,101960,36517,84.1,11.8,0.0,0.7,3.5,1,1,230,73.5,nao,conservador
50183,25,1.5,418206,307177,0.9,61.9,6.4,26.8,4.1,15,16,28,26.3,sim,moderado
50106,65,12.9,167632,132206,63.2,4.8,17.6,2.0,12.3,2,2,667,62.6,sim,conservador
50397,30,4.4,1741940,1484508,8.7,80.0,8.2,0.0,3.2,5,1,100,67.4,nao,arrojado
50050,51,4.2,659439,603802,77.1,5.3,9.5,0.0,8.1,2,0,558,62.4,sim,conservador
50379,42,13.9,1943315,1675879,12.5,45.8,0.0,26.3,15.4,2,7,85,82.6,sim,conservador
50006,35,3.8,744633,450701,70.6,3.3,12.4,1.3,12.4,4,2,265,45.5,nao,conservador
50018,59,8.4,811696,440969,67.5,5.2,11.5,3.2,12.6,2,3,529,52.6,nao,conservador
50235,33,6.7,972685,832425,29.0,36.4,19.6,0.4,14.6,16,6,561,26.0,sim,moderado
50446,42,2.1,87281,31613,77.2,16.8,5.0,0.9,0.1,1,1,105,98.0,nao,moderado
50395,51,3.4,1226325,970749,3.5,63.4,5.9,27.1,0.0,1,5,105,58.0,sim,arrojado
50107,52,10.6,620215,328067,81.4,0.0,8.4,0.1,10.1,3,1,593,53.3,sim,moderado
50135,38,3.9,713180,434734,7.8,46.6,4.7,32.6,8.3,8,17,15,35.2,sim,arrojado
50402,50,1.0,1107371,936977,24.6,60.8,0.0,0.0,14.5,3,6,159,57.2,nao,conservador
50227,47,2.7,1036567,984738,25.9,39.3,24.7,0.0,10.0,8,6,335,29.4,sim,moderado
50215,25,5.0,320740,252420,7.8,71.2,0.0,20.7,0.3,15,20,49,20.0,nao,arrojado
50191,37,4.2,573435,567700,13.4,70.9,0.0,0.0,15.8,13,9,22,22.6,nao,arrojado
50440,44,1.3,111878,28327,88.5,5.6,3.3,1.9,0.8,2,1,62,86.0,sim,conservador
50321,58,2.2,314863,225737,36.3,28.8,18.8,14.3,1.7,17,5,365,29.3,sim,moderado
50283,52,1.0,458548,266741,32.8,37.5,20.4,0.9,8.4,4,3,401,28.4,nao,arrojado
50030,45,2.3,568175,440432,61.0,6.9,21.9,3.6,6.6,6,2,539,29.5,sim,conservador
50170,32,6.2,388241,359071,8.8,52.4,7.8,22.6,8.4,13,19,51,20.0,nao,moderado
50181,35,1.3,369481,346562,15.9,42.3,7.2,23.7,10.9,14,28,50,24.6,nao,arrojado
50101,60,6.4,983898,573398,56.9,11.4,22.7,0.0,9.0,3,1,927,40.2,sim,conservador
50198,41,6.0,444537,440092,10.4,52.5,10.7,13.4,12.9,16,30,3,32.0,nao,moderado
50210,33,0.5,479294,474501,9.0,38.0,8.7,26.3,18.0,13,34,50,26.9,nao,arrojado
50136,23,0.5,422350,320153,9.1,90.9,0.0,0.0,0.0,4,12,34,26.0,sim,arrojado
50470,19,1.4,49133,10547,75.5,7.6,7.6,5.3,4.1,2,0,206,86.1,sim,moderado
50428,28,1.5,40664,6505,86.7,6.4,0.0,1.6,5.3,2,0,278,62.9,nao,conservador
50199,42,5.6,182926,144388,0.0,68.6,0.7,17.6,13.1,13,27,33,19.5,nao,arrojado
50374,35,5.3,1071584,868064,0.0,59.3,0.0,34.2,6.5,3,1,130,76.0,sim,moderado
50167,42,3.7,50013,45010,9.2,44.6,13.1,21.7,11.4,4,19,3,19.6,nao,arrojado
50421,24,1.5,126012,48561,75.1,14.8,5.0,3.8,1.3,1,0,229,96.5,nao,conservador
50137,22,5.1,531818,318130,13.0,37.0,0.6,36.5,12.9,22,22,7,32.5,nao,moderado
50286,47,4.5,1248542,563964,26.6,19.5,46.2,7.7,0.0,8,5,297,32.7,nao,moderado
50336,46,5.3,100000,99000,0.0,60.6,3.8,25.9,9.8,2,2,70,83.3,nao,moderado
50132,35,3.0,410153,392317,14.5,34.4,0.0,38.3,12.9,6,27,21,40.4,nao,arrojado
50040,56,10.3,456738,173973,57.3,10.5,21.1,2.4,8.7,5,0,665,44.4,sim,moderado
50216,32,4.3,652571,454656,6.4,42.1,10.8,15.1,25.5,11,24,3,29.1,nao,moderado
50044,40,8.8,795332,238073,64.4,13.2,10.9,2.4,9.1,3,1,166,20.7,sim,conservador
50055,55,3.5,844639,444660,61.4,12.5,19.7,2.3,4.0,2,3,508,36.6,sim,conservador
50474,20,1.5,96372,42628,73.9,7.6,4.7,6.1,7.7,3,1,237,43.5,nao,conservador
50300,43,4.0,485454,317173,16.0,29.1,35.4,6.3,13.2,9,3,385,37.1,nao,arrojado
50455,36,0.9,137878,61477,81.2,9.3,0.0,0.0,9.5,1,0,137,71.0,nao,conservador
50305,54,4.4,1644884,1221672,17.4,46.1,22.5,6.4,7.7,10,2,425,28.2,sim,conservador
50036,37,4.1,30000,19016,77.8,10.4,6.6,0.0,5.3,5,1,539,38.6,sim,conservador
50316,42,9.0,256500,173347,34.5,44.1,9.2,0.3,11.9,4,6,347,36.2,nao,moderado
50310,32,6.7,1167361,795362,22.9,36.8,38.7,1.6,0.0,8,2,414,15.8,sim,arrojado
50277,38,1.0,647926,409233,20.1,23.3,44.5,0.0,12.1,10,4,553,30.3,nao,moderado
50125,35,6.4,490577,363931,0.8,65.9,19.2,10.5,3.6,17,30,3,38.0,nao,arrojado
50143,33,2.6,472716,401892,9.4,86.4,1.6,2.6,0.0,13,56,29,25.9,nao,moderado
50111,68,1.0,437616,356999,73.2,10.0,12.3,0.7,3.7,3,1,471,57.1,sim,conservador
50324,56,8.4,1058325,849932,27.7,32.7,23.4,8.8,7.5,4,2,503,33.4,nao,moderado
50333,30,2.6,353922,326725,25.9,58.7,0.6,10.8,3.9,3,1,63,60.7,nao,arrojado
50394,43,16.2,1704328,1348672,14.6,53.5,2.1,24.5,5.4,2,3,46,65.4,nao,arrojado
50436,31,2.0,125149,86300,79.7,2.8,6.5,6.0,5.0,1,3,44,75.7,sim,moderado
50108,61,4.5,434144,271830,80.7,3.6,0.1,1.9,13.7,5,2,627,67.3,nao,conservador
50443,21,1.5,117326,58343,78.4,9.2,2.0,4.4,5.9,2,1,181,77.4,nao,conservador
50013,42,9.4,75234,46011,80.9,7.8,1.1,2.7,7.6,4,3,511,51.9,sim,conservador
50273,41,5.1,80000,50085,30.1,29.0,32.6,1.6,6.7,7,1,357,21.9,nao,moderado
50048,47,1.7,294741,236197,78.1,0.0,10.0,0.9,11.0,4,2,648,38.2,sim,conservador
50204,22,3.7,355805,297363,0.0,48.6,2.5,36.1,12.8,17,10,38,27.8,sim,moderado
50425,25,3.0,57732,2886,78.4,12.0,3.5,2.5,3.7,2,2,60,75.8,nao,conservador
50120,66,12.2,677013,534727,70.3,7.9,20.4,0.6,0.9,3,3,429,39.1,sim,conservador
50022,55,1.2,743660,504961,66.9,12.6,13.6,0.0,6.9,4,1,388,63.3,sim,conservador
50403,30,4.6,1795140,1510671,15.6,73.5,3.4,7.4,0.0,1,8,88,68.8,nao,arrojado
50084,54,4.2,1101411,700557,65.7,11.6,11.1,6.4,5.3,2,1,501,51.0,sim,conservador
50131,33,3.4,20000,19800,5.5,51.5,0.6,18.9,23.4,18,17,40,20.9,sim,arrojado
50480,39,1.2,86584,27979,92.4,0.0,5.1,0.7,1.7,1,0,223,73.5,nao,conservador
50330,42,9.1,1063014,734869,21.7,36.0,30.7,4.9,6.8,5,2,392,35.6,sim,arrojado
50230,42,3.6,1756766,1188928,40.3,37.1,18.1,0.5,3.9,9,5,402,20.8,nao,moderado
50492,20,0.1,8000,2099,78.1,14.6,0.7,0.0,6.5,2,0,102,84.3,nao,conservador
50287,43,7.3,1227158,988299,23.0,30.1,39.5,1.0,6.4,10,2,534,36.1,sim,moderado
50124,22,2.4,306512,209885,0.2,68.2,17.3,12.1,2.3,15,12,49,19.1,nao,arrojado
50034,55,1.0,867004,439102,64.9,7.9,17.7,3.2,6.2,2,3,469,50.2,sim,moderado
50472,26,0.7,107051,28393,82.0,5.0,8.7,0.0,4.3,1,0,191,88.0,sim,conservador
50005,48,1.0,323193,161599,75.5,11.4,6.2,0.7,6.1,7,3,414,39.9,nao,moderado
50412,24,2.4,98028,30917,77.0,12.2,4.5,3.0,3.3,2,2,235,69.5,sim,conservador
50020,49,6.9,690261,447229,64.4,13.4,9.9,1.2,11.2,4,2,279,59.8,sim,conservador
50220,30,1.6,20000,18822,0.0,60.7,0.0,29.4,9.9,16,39,22,27.2,nao,arrojado
50380,54,7.5,1457799,1400138,10.9,63.6,11.7,8.6,5.2,1,9,186,60.2,sim,moderado
50497,43,0.1,118481,53845,88.1,0.0,4.0,4.3,3.6,1,1,158,61.9,sim,conservador
50420,44,0.6,120981,46995,78.5,7.4,10.3,1.9,1.9,2,1,221,69.7,nao,conservador
50357,43,15.2,2187348,1879473,20.6,50.8,6.2,12.1,10.3,2,7,66,76.6,sim,arrojado
50150,25,5.2,591953,431348,1.6,38.1,8.1,34.3,17.9,10,18,17,38.1,sim,arrojado
50225,43,3.3,1189023,576043,25.1,28.6,28.8,8.0,9.5,7,7,636,28.8,nao,moderado
50248,31,5.9,1179310,979388,33.7,28.7,29.2,1.1,7.3,6,4,530,29.5,sim,moderado
50441,27,1.6,204428,53753,74.2,9.9,4.6,7.9,3.4,1,1,282,94.4,sim,conservador
50152,25,3.4,348079,241700,16.1,41.1,14.2,16.3,12.4,8,32,29,29.6,sim,moderado
50479,31,3.0,200167,65839,68.3,14.4,12.9,0.0,4.4,1,1,200,98.0,nao,conservador
50318,47,3.4,367887,228812,30.6,28.9,36.3,4.2,0.0,17,2,310,31.8,sim,moderado
50292,48,6.6,1351429,703612,36.0,45.4,4.4,9.7,4.5,5,4,471,23.1,sim,conservador
50234,34,7.3,672447,347197,25.7,30.2,29.5,14.7,0.0,4,4,243,28.7,sim,conservador
50011,57,12.1,567592,422821,68.7,7.3,15.0,2.5,6.5,3,0,684,51.3,sim,conservador
50280,35,6.0,446952,347754,28.7,42.8,6.5,2.2,19.8,13,5,329,30.1,nao,moderado
50072,51,1.0,948995,716987,74.2,10.6,15.2,0.0,0.0,2,1,729,47.1,sim,moderado
50253,40,2.9,87493,80413,35.3,26.7,25.7,0.0,12.4,4,2,373,19.9,sim,arrojado
50093,48,1.0,430276,255554,78.1,4.3,7.4,3.0,7.2,6,3,466,31.1,sim,moderado
50478,31,0.8,8000,4976,78.3,6.9,8.1,0.7,5.9,2,0,321,79.2,nao,conservador
50350,68,7.4,423438,357559,17.9,48.1,0.0,24.2,9.8,1,1,165,79.7,sim,moderado
50416,42,0.9,8000,2330,86.4,0.0,1.3,5.6,6.7,2,0,271,84.7,nao,conservador
50375,49,6.2,421447,295529,12.5,64.2,9.2,14.1,0.0,4,2,127,65.3,sim,moderado
50401,45,9.8,473612,390968,14.9,60.4,7.5,11.7,5.5,5,4,128,54.4,nao,moderado
50193,22,2.9,235908,195841,7.8,52.2,13.5,26.4,0.0,12,15,27,24.6,nao,arrojado
50258,50,4.2,328830,167002,13.9,44.0,36.5,5.2,0.5,5,4,214,15.4,nao,moderado
50481,32,0.3,185792,110765,95.1,1.5,0.9,0.0,2.5,3,1,235,59.9,nao,conservador
50340,39,2.3,288144,221861,16.4,54.4,2.8,25.1,1.3,3,11,89,77.5,nao,arrojado
50489,22,1.3,135692,59770,83.2,9.7,0.0,1.9,5.2,1,2,227,79.5,sim,conservador
50196,38,3.6,150127,68297,9.8,43.9,0.0,46.3,0.0,19,21,20,24.2,sim,arrojado
50344,34,8.3,1240539,1109529,6.2,68.8,5.2,18.3,1.5,5,6,10,40.7,nao,moderado
50138,27,2.6,163898,143953,4.3,37.4,3.5,42.4,12.5,5,28,4,51.4,nao,arrojado
50261,48,6.6,336417,215168,44.1,41.2,11.0,2.2,1.5,9,5,539,24.0,sim,moderado
50039,61,11.3,917684,738511,75.7,10.4,6.5,0.0,7.4,2,0,609,55.2,sim,moderado
50202,44,3.7,393190,302580,4.5,56.5,11.6,19.1,8.3,8,5,26,43.3,sim,moderado
50467,48,1.3,111283,45885,69.1,20.2,5.9,0.0,4.8,3,1,212,69.3,nao,conservador
50291,28,5.3,675446,495911,44.2,23.1,14.7,2.7,15.3,8,6,393,29.9,sim,arrojado
50449,28,0.9,64057,32464,69.9,11.9,11.8,2.2,4.2,1,1,135,75.8,sim,moderado
50190,31,0.5,223430,216628,1.6,60.6,7.9,24.5,5.4,4,17,39,25.2,sim,arrojado
50252,35,12.9,507256,301781,39.7,27.3,14.3,8.9,9.8,17,4,139,36.7,sim,conservador
50113,35,7.7,716363,448512,71.0,0.0,18.0,5.9,5.1,5,2,285,32.1,nao,moderado
50438,30,0.8,124646,45275,77.9,8.9,6.3,0.0,6.9,1,1,30,72.5,sim,moderado
50184,22,3.7,484656,338422,5.2,69.1,6.9,8.1,10.6,13,35,40,35.8,nao,arrojado
50153,25,5.5,141066,102595,10.7,44.6,10.5,13.1,21.1,10,27,11,25.9,nao,moderado
50313,38,6.6,121979,89674,34.7,18.6,31.7,0.7,14.3,10,2,519,44.7,nao,moderado
50326,38,4.1,254398,157985,20.2,30.5,31.2,8.9,9.2,10,2,380,30.9,sim,moderado
50192,28,4.1,20000,16078,12.9,42.7,10.3,25.4,8.7,9,23,19,10.0,nao,arrojado
50045,56,9.2,655901,354074,76.3,0.0,13.2,3.6,6.9,4,1,561,35.2,sim,moderado
50445,23,0.3,160201,47326,86.3,6.6,4.7,2.0,0.4,1,2,151,92.4,nao,conservador
50276,29,6.8,829376,631581,20.8,36.6,31.1,2.2,9.3,4,3,462,26.7,sim,moderado
50007,70,1.0,730287,684315,57.0,7.3,26.0,1.6,8.2,2,2,670,40.6,sim,conservador
50251,28,6.5,584340,299348,26.7,25.3,34.2,2.7,11.1,10,3,146,32.0,nao,moderado
50312,45,1.7,899075,514164,32.5,35.1,21.1,0.2,11.2,13,6,347,24.1,nao,arrojado
50076,62,1.0,735129,419661,73.1,15.5,7.9,0.0,3.5,2,1,820,36.6,sim,moderado
50001,62,4.6,993055,799611,61.2,17.7,12.4,3.2,5.4,9,2,876,40.1,nao,moderado
50429,18,0.1,26059,8138,79.7,11.8,6.5,1.8,0.2,2,1,182,75.1,nao,conservador
50392,38,6.0,1877690,1617337,15.0,63.2,5.6,13.0,3.2,3,5,61,46.2,sim,conservador
50384,57,5.9,1692705,1217545,10.8,55.3,4.2,27.7,2.0,1,10,10,85.8,nao,arrojado
50433,41,0.1,56181,4895,84.8,6.9,0.9,2.7,4.7,2,1,34,54.0,nao,moderado
50069,55,2.3,56770,31191,74.2,2.9,11.8,1.7,9.3,3,1,488,42.4,sim,conservador
50168,28,3.6,273385,225264,6.6,53.7,0.0,19.5,20.1,14,26,20,19.4,nao,conservador
50393,53,8.2,763252,629975,17.0,67.4,7.2,0.0,8.3,1,1,28,55.3,nao,arrojado
50219,23,1.7,111174,96488,6.7,29.9,17.8,24.6,21.1,13,15,3,14.5,sim,arrojado
50043,55,2.3,682378,562714,73.3,0.1,11.6,0.0,14.9,2,1,314,35.6,sim,conservador
50367,68,9.1,1436845,1313903,24.8,36.9,12.1,20.2,5.9,2,4,10,70.8,sim,arrojado
50346,49,7.0,1855104,1836553,0.0,84.7,5.5,9.8,0.0,1,7,74,66.3,sim,arrojado
50073,45,18.5,722127,530985,70.9,3.5,14.2,3.9,7.5,5,0,737,44.2,sim,conservador
50024,45,1.0,76124,54398,60.1,12.2,16.6,0.7,10.4,2,3,520,41.6,nao,conservador
50399,40,16.8,1376135,1260325,22.0,67.9,3.4,0.0,6.8,3,4,183,82.3,nao,moderado
50186,44,2.9,352192,301277,1.5,68.6,9.6,19.7,0.6,14,7,37,21.7,nao,moderado
50349,33,8.9,847112,632624,0.7,81.9,2.9,4.4,10.1,2,15,66,71.5,nao,moderado
50104,56,9.5,479997,328619,65.3,2.3,19.9,1.8,10.7,3,2,496,31.1,sim,conservador
50408,66,8.5,894714,740125,10.5,57.3,7.0,20.3,4.9,2,6,150,85.8,nao,moderado
50212,22,1.3,20000,17708,5.7,49.8,25.4,19.0,0.0,15,17,22,48.5,nao,arrojado
50068,40,5.9,1098814,726145,67.1,13.8,14.3,0.3,4.5,3,1,338,56.6,sim,conservador
50026,61,6.0,933161,689550,71.3,10.4,10.2,0.0,8.1,6,3,481,40.4,sim,conservador
50197,42,3.5,742105,529528,2.9,54.0,4.3,25.8,13.2,16,27,59,34.9,sim,moderado
50176,22,0.7,20000,13807,6.0,51.6,13.3,14.4,14.6,9,37,8,42.6,nao,moderado
